Protein,LogFoldChange,Zstatistic,Name,Function
lcl|c201141_g1_i1|m.1178,-3.702,-15.2,3-hydroxybutyryl-CoA dehydratase,cleaves C-O bonds
lcl|c224029_g4_i1|m.9563,2.247,9.0895,Alpha-adducin,cytoskeleton
lcl|c242885_g1_i1|m.30332,-3.107,-9.7823,Cilia- and flagella-associated protein 57-like,cilium
lcl|c232986_g1_i4|m.17993,-3.686,-12.2003,"dynein beta chain, ciliary-like",cilia cytoskeleton
lcl|c227069_g2_i12|m.12102,1.836,11.4002,Extended synaptogamin-2-A-like,ER membrane
lcl|c229781_g4_i1|m.14624,-3.55,-11.6746,Ferritin,iron storage
lcl|c236909_g3_i2|m.22685,2.934,19.2511,Histone H2A,chromatin structure
lcl|c229939_g1_i1|m.14795,2.476,31.4875,"Histone H2B, gonadal-like",chromatin condensation
lcl|c225829_g1_i1|m.10978,2.106,13.4199,Histone H3,chromatin structure
lcl|c221925_g1_i3|m.7988,1.771,10.5488,Lamin-B1,chromatin structure
lcl|c229705_g1_i1|m.14556,-3.188,-11.0865,Outer dense fiber protein 3-like,cytoskeleton
lcl|c243086_g4_i2|m.30593,1.86,10.4092,Peroxiredoxin-5,antioxidant
lcl|c233552_g1_i1|m.18704,-3.237,-21.8678,Protein DD3-3,"post-translational modification, O-glycosylation"
lcl|c242193_g2_i1|m.29501,2.527,7.9393,Protein-glutamine gamma-glutamyltransferase K,protein cross-linking
lcl|c241874_g1_i1|m.29042,1.742,13.6287,"Spectrin alpha chain, non-erythrocytic",cytoskeleton
lcl|c223611_g2_i2|m.9249,-3.29,-11.1398,Tektin,cilia & flagella cytoskeleton
lcl|c225115_g3_i4|m.10375,-3.898,-13.4036,Tektin,cilia & flagella cytoskeleton
lcl|c160676_g1_i1|m.404,-2.801,-9.5572,NA,NA
lcl|c163027_g1_i3|m.422,-2.819,-10.4933,NA,NA
lcl|c164490_g1_i1|m.440,1.092,5.001,NA,NA
lcl|c184118_g1_i1|m.691,1.562,12.1398,NA,NA
lcl|c188047_g2_i2|m.760,-2.519,-9.521,NA,NA
lcl|c195747_g2_i1|m.945,0.561,8.0507,NA,NA
lcl|c199545_g1_i1|m.1080,-1.902,-7.7562,NA,NA
lcl|c201155_g1_i1|m.1182,-0.964,-5.2416,NA,NA
lcl|c201413_g4_i1|m.1201,-0.733,-2.7054,NA,NA
lcl|c201696_g3_i1|m.1219,-0.921,-4.9973,NA,NA
lcl|c202129_g1_i1|m.1242,1.407,4.9364,NA,NA
lcl|c202472_g1_i1|m.1259,1.444,16.7778,NA,NA
lcl|c204986_g3_i2|m.1414,-0.534,-2.3881,NA,NA
lcl|c205012_g1_i1|m.1420,-1.794,-5.1464,NA,NA
lcl|c205417_g1_i1|m.1460,-3.447,-11.3421,NA,unknown
lcl|c205554_g2_i2|m.1468,-0.566,-2.5365,NA,NA
lcl|c206182_g1_i1|m.1515,-1.819,-4.839,NA,NA
lcl|c206351_g3_i3|m.1527,-1.995,-5.5179,NA,NA
lcl|c206556_g1_i2|m.1565,-0.802,-2.1869,NA,NA
lcl|c207960_g1_i1|m.1712,-1.258,-9.7586,NA,NA
lcl|c207967_g2_i1|m.1713,-1.494,-4.8692,NA,NA
lcl|c208130_g1_i1|m.1735,0.676,4.3693,NA,NA
lcl|c208691_g4_i1|m.1828,0.68,2.5915,NA,NA
lcl|c209191_g2_i1|m.1916,-0.642,-2.3323,NA,NA
lcl|c209565_g1_i2|m.2000,0.882,3.866,NA,NA
lcl|c209757_g1_i1|m.2044,-0.507,-3.0873,NA,NA
lcl|c210031_g1_i2|m.2100,-1.407,-6.6847,NA,NA
lcl|c210226_g1_i1|m.2139,-0.721,-4.1525,NA,NA
lcl|c210253_g1_i2|m.2149,0.554,5.6632,NA,NA
lcl|c210423_g1_i5|m.2178,-2.055,-6.7241,NA,NA
lcl|c210670_g1_i7|m.2234,-1.801,-4.877,NA,NA
lcl|c210735_g5_i3|m.2260,-1.016,-4.7125,NA,NA
lcl|c210994_g1_i1|m.2320,-0.734,-6.6958,NA,NA
lcl|c211022_g1_i7|m.2328,-1.472,-4.6041,NA,NA
lcl|c211278_g7_i1|m.2402,-2.483,-7.3769,NA,NA
lcl|c211368_g3_i1|m.2426,-0.52,-2.1461,NA,NA
lcl|c211725_g14_i3|m.2532,-1.75,-4.7322,NA,NA
lcl|c211914_g5_i4|m.2567,-1.051,-2.7094,NA,NA
lcl|c212026_g3_i1|m.2608,0.583,6.9333,NA,NA
lcl|c212126_g1_i2|m.2626,-1.143,-5.6619,NA,NA
lcl|c212237_g2_i1|m.2659,-1.234,-7.8451,NA,NA
lcl|c212784_g2_i1|m.2837,-0.93,-5.19,NA,NA
lcl|c212826_g3_i1|m.2861,-0.72,-8.2925,NA,NA
lcl|c212839_g1_i3|m.2877,-1.027,-7.4351,NA,NA
lcl|c212912_g1_i1|m.2890,-1.467,-3.9706,NA,NA
lcl|c213117_g1_i3|m.2966,-0.567,-3.6355,NA,NA
lcl|c213160_g2_i5|m.2982,0.642,4.6398,NA,NA
lcl|c213259_g2_i1|m.3003,-1.227,-3.0378,NA,NA
lcl|c213311_g2_i3|m.3020,-2.535,-7.5387,NA,NA
lcl|c213314_g8_i4|m.3021,-1.622,-9.9349,NA,NA
lcl|c213677_g1_i4|m.3168,-1.398,-7.424,NA,NA
lcl|c214028_g2_i1|m.3329,-1.574,-4.5154,NA,NA
lcl|c214118_g1_i2|m.3372,1.999,9.2381,NA,unknown
lcl|c214228_g4_i6|m.3409,-1.135,-5.5114,NA,NA
lcl|c214242_g1_i2|m.3413,0.62,3.3293,NA,NA
lcl|c214356_g7_i5|m.3463,-1.517,-4.8009,NA,NA
lcl|c214397_g6_i4|m.3476,-1.316,-10.3862,NA,NA
lcl|c214559_g9_i1|m.3528,-1.059,-5.0451,NA,NA
lcl|c214573_g3_i1|m.3534,-0.862,-4.265,NA,NA
lcl|c214602_g8_i1|m.3549,-0.77,-3.1678,NA,NA
lcl|c214691_g1_i1|m.3614,-1.046,-3.0569,NA,NA
lcl|c214817_g2_i1|m.3680,-1.446,-3.7441,NA,NA
lcl|c214832_g3_i2|m.3697,0.645,4.2725,NA,NA
lcl|c214971_g5_i1|m.3758,-1.852,-5.2404,NA,NA
lcl|c214971_g6_i7|m.3760,-1.648,-5.5865,NA,NA
lcl|c215093_g1_i2|m.3818,-1.014,-5.7882,NA,NA
lcl|c215397_g1_i1|m.4004,-1.083,-2.8075,NA,NA
lcl|c215423_g1_i1|m.4014,-3.011,-9.613,NA,NA
lcl|c215434_g3_i1|m.4032,-2.92,-9.6885,NA,NA
lcl|c215465_g1_i1|m.4044,0.63,5.8066,NA,NA
lcl|c215551_g6_i1|m.4083,-0.908,-3.0593,NA,NA
lcl|c215553_g1_i10|m.4084,-0.734,-2.0588,NA,NA
lcl|c215676_g2_i1|m.4150,-1.312,-4.2298,NA,NA
lcl|c215741_g2_i3|m.4173,-1.464,-3.5524,NA,NA
lcl|c215763_g2_i3|m.4184,-1.741,-8.5189,NA,NA
lcl|c215819_g3_i2|m.4218,-1.109,-3.4665,NA,NA
lcl|c215953_g5_i6|m.4317,-1.552,-5.1098,NA,NA
lcl|c215957_g2_i7|m.4321,0.752,3.4724,NA,NA
lcl|c216194_g2_i1|m.4425,-1.182,-6.1844,NA,NA
lcl|c216201_g2_i1|m.4428,-1.561,-4.6213,NA,NA
lcl|c216306_g1_i14|m.4518,-1.834,-4.9685,NA,NA
lcl|c216308_g10_i1|m.4522,-1.223,-3.1274,NA,NA
lcl|c216308_g5_i4|m.4526,-2.389,-7.4621,NA,NA
lcl|c216448_g1_i1|m.4592,-1.098,-4.9838,NA,NA
lcl|c216467_g8_i2|m.4597,-0.845,-2.5466,NA,NA
lcl|c216567_g2_i2|m.4643,-1.329,-4.7354,NA,NA
lcl|c216598_g2_i1|m.4667,-1.512,-3.9669,NA,NA
lcl|c216621_g3_i1|m.4676,1.365,8.8747,NA,NA
lcl|c216702_g5_i1|m.4730,-1.333,-5.6803,NA,NA
lcl|c216705_g1_i4|m.4732,-1.831,-4.9699,NA,NA
lcl|c216848_g3_i4|m.4809,-1.02,-7.3174,NA,NA
lcl|c216953_g1_i3|m.4865,-1.495,-4.1358,NA,NA
lcl|c217046_g2_i2|m.4921,-0.679,-2.4793,NA,NA
lcl|c217098_g2_i2|m.4966,-0.702,-2.0082,NA,NA
lcl|c217182_g4_i2|m.5020,-1.653,-5.377,NA,NA
lcl|c217182_g4_i3|m.5021,-1.63,-5.8617,NA,NA
lcl|c217427_g4_i1|m.5185,-1.534,-6.5335,NA,NA
lcl|c217466_g1_i3|m.5215,1.57,10.5495,NA,NA
lcl|c217576_g1_i1|m.5259,-2.36,-7.2652,NA,NA
lcl|c217654_g5_i4|m.5303,-0.577,-3.9553,NA,NA
lcl|c217792_g3_i1|m.5367,-1.015,-2.7017,NA,NA
lcl|c217834_g1_i3|m.5399,-0.758,-2.436,NA,NA
lcl|c217988_g6_i3|m.5463,-0.734,-4.8699,NA,NA
lcl|c218043_g2_i3|m.5510,-1.241,-3.2283,NA,NA
lcl|c218053_g2_i1|m.5517,-1.407,-3.4878,NA,NA
lcl|c218119_g1_i3|m.5570,-0.96,-4.5108,NA,NA
lcl|c218175_g5_i2|m.5596,-0.762,-2.2114,NA,NA
lcl|c218196_g3_i9|m.5616,-1.471,-5.3211,NA,NA
lcl|c218197_g1_i1|m.5617,-2.848,-9.3396,NA,NA
lcl|c218222_g6_i2|m.5640,-1.305,-3.2578,NA,NA
lcl|c218298_g7_i1|m.5703,-1.707,-4.497,NA,NA
lcl|c218374_g1_i3|m.5753,-2.656,-10.1562,NA,NA
lcl|c218374_g4_i1|m.5754,0.534,2.7313,NA,NA
lcl|c218481_g4_i6|m.5811,-0.584,-2.8797,NA,NA
lcl|c218580_g2_i1|m.5839,-1.512,-6.8346,NA,NA
lcl|c218703_g1_i4|m.5907,-0.816,-3.9805,NA,NA
lcl|c218722_g1_i2|m.5914,-0.864,-3.3228,NA,NA
lcl|c218789_g1_i2|m.5965,-2.061,-6.3626,NA,NA
lcl|c218814_g3_i7|m.5970,-1.024,-2.9527,NA,NA
lcl|c218820_g4_i2|m.5974,-1.838,-5.4693,NA,NA
lcl|c218842_g3_i2|m.5986,-0.564,-3.8578,NA,NA
lcl|c218881_g3_i2|m.6022,-1.919,-7.7114,NA,NA
lcl|c218972_g2_i1|m.6108,-1.452,-3.5081,NA,NA
lcl|c219122_g1_i1|m.6195,-1.808,-5.3744,NA,NA
lcl|c219184_g1_i2|m.6256,-1.541,-5.2447,NA,NA
lcl|c219237_g2_i4|m.6297,-2.647,-7.9974,NA,NA
lcl|c219583_g2_i1|m.6468,-1.207,-6.6813,NA,NA
lcl|c219636_g2_i1|m.6494,-1.43,-6.2527,NA,NA
lcl|c219636_g2_i3|m.6495,-1.351,-5.8852,NA,NA
lcl|c219704_g3_i2|m.6534,-2.603,-8.5587,NA,NA
lcl|c219710_g2_i1|m.6538,-0.716,-4.3143,NA,NA
lcl|c219817_g1_i3|m.6593,-1.502,-3.9861,NA,NA
lcl|c219828_g4_i5|m.6597,-2.259,-8.1899,NA,NA
lcl|c219841_g6_i1|m.6610,-1.695,-4.7185,NA,NA
lcl|c219842_g1_i1|m.6611,-1.047,-2.6019,NA,NA
lcl|c219870_g5_i1|m.6620,-0.91,-3.3221,NA,NA
lcl|c219901_g4_i1|m.6631,-1.546,-4.902,NA,NA
lcl|c220106_g1_i3|m.6753,-2.235,-6.9359,NA,NA
lcl|c220191_g1_i1|m.6799,-1.704,-5.3486,NA,NA
lcl|c220236_g4_i1|m.6833,-1.208,-5.0554,NA,NA
lcl|c220306_g1_i5|m.6860,-2.359,-8.3974,NA,NA
lcl|c220319_g5_i1|m.6862,-0.852,-2.7923,NA,NA
lcl|c220409_g3_i3|m.6926,-1.374,-3.5845,NA,NA
lcl|c220806_g2_i3|m.7164,0.77,4.3887,NA,NA
lcl|c220808_g2_i6|m.7171,-1.133,-7.0502,NA,NA
lcl|c220845_g6_i1|m.7197,-1.415,-5.1675,NA,NA
lcl|c220897_g5_i4|m.7224,-1.147,-2.8512,NA,NA
lcl|c220945_g4_i2|m.7256,-2.192,-8.1303,NA,NA
lcl|c220977_g2_i3|m.7288,-1.606,-4.5018,NA,NA
lcl|c221077_g1_i1|m.7374,-2.299,-11.8374,NA,NA
lcl|c221114_g2_i1|m.7405,-1.327,-4.2761,NA,NA
lcl|c221238_g1_i4|m.7502,-0.793,-2.6612,NA,NA
lcl|c221440_g2_i5|m.7632,-1.273,-5.0381,NA,NA
lcl|c221441_g1_i5|m.7633,-2.455,-13.2139,NA,NA
lcl|c221444_g1_i1|m.7638,-1.922,-5.2617,NA,NA
lcl|c221464_g1_i3|m.7656,-1.395,-4.1608,NA,NA
lcl|c221482_g1_i3|m.7664,-2.047,-8.1948,NA,NA
lcl|c221514_g6_i1|m.7698,-0.789,-2.3046,NA,NA
lcl|c221583_g3_i2|m.7741,0.978,6.0369,NA,NA
lcl|c221736_g1_i11|m.7820,-0.596,-3.6751,NA,NA
lcl|c221840_g3_i2|m.7908,-1.758,-11.0167,NA,NA
lcl|c221840_g3_i5|m.7911,-2.433,-12.7154,NA,NA
lcl|c221849_g1_i2|m.7917,-0.95,-3.3564,NA,NA
lcl|c221855_g2_i3|m.7925,0.528,2.3125,NA,NA
lcl|c221884_g1_i3|m.7955,-2.751,-8.5955,NA,NA
lcl|c221967_g2_i3|m.8016,-1.36,-6.3477,NA,NA
lcl|c221999_g1_i4|m.8036,-2.641,-9.4274,NA,NA
lcl|c222197_g1_i5|m.8163,-1.653,-4.4072,NA,NA
lcl|c222286_g2_i1|m.8232,-0.954,-2.569,NA,NA
lcl|c222306_g8_i4|m.8236,-0.722,-2.6065,NA,NA
lcl|c222399_g1_i2|m.8304,1.615,7.338,NA,NA
lcl|c222419_g1_i6|m.8316,0.554,3.285,NA,NA
lcl|c222436_g10_i1|m.8337,-1.145,-3.8276,NA,NA
lcl|c222437_g1_i2|m.8353,0.942,6.4826,NA,NA
lcl|c222451_g1_i1|m.8369,-0.748,-3.2883,NA,NA
lcl|c222459_g5_i1|m.8379,-1.075,-7.563,NA,NA
lcl|c222526_g1_i2|m.8408,-1.052,-3.875,NA,NA
lcl|c222548_g1_i3|m.8426,-1.98,-6.4799,NA,NA
lcl|c222555_g2_i4|m.8428,0.739,5.1382,NA,NA
lcl|c222581_g2_i12|m.8452,-0.728,-2.6574,NA,NA
lcl|c222653_g7_i1|m.8496,-0.691,-2.4751,NA,NA
lcl|c222727_g3_i2|m.8582,-1.028,-5.6611,NA,NA
lcl|c222730_g7_i1|m.8585,-1.291,-3.1838,NA,NA
lcl|c222797_g7_i2|m.8616,-1.238,-2.888,NA,NA
lcl|c222899_g2_i4|m.8691,-1.096,-6.8761,NA,NA
lcl|c222905_g1_i3|m.8695,-1.317,-3.1109,NA,NA
lcl|c222937_g2_i3|m.8724,0.86,4.1646,NA,NA
lcl|c222946_g2_i3|m.8728,0.729,4.5097,NA,NA
lcl|c222960_g2_i1|m.8750,0.784,7.5073,NA,NA
lcl|c223053_g2_i3|m.8836,-1.759,-5.8697,NA,NA
lcl|c223077_g2_i1|m.8858,0.723,4.1974,NA,NA
lcl|c223139_g3_i2|m.8898,-0.797,-3.6521,NA,NA
lcl|c223205_g4_i1|m.8934,-1.526,-6.8752,NA,NA
lcl|c223277_g3_i4|m.8995,-1.164,-3.2331,NA,NA
lcl|c223351_g1_i1|m.9046,-0.719,-2.4006,NA,NA
lcl|c223355_g1_i3|m.9051,-0.604,-2.6511,NA,NA
lcl|c223433_g6_i1|m.9115,-1.712,-8.362,NA,NA
lcl|c223448_g1_i3|m.9130,-1.228,-3.2041,NA,NA
lcl|c223475_g2_i9|m.9154,-1.252,-3.0148,NA,NA
lcl|c223556_g1_i6|m.9203,-0.565,-2.2434,NA,NA
lcl|c223604_g1_i1|m.9235,-0.921,-2.3274,NA,NA
lcl|c223616_g1_i1|m.9252,-2.87,-9.83,NA,NA
lcl|c223716_g4_i1|m.9328,-1.987,-6.2295,NA,NA
lcl|c223808_g2_i1|m.9405,-0.626,-2.5194,NA,NA
lcl|c223865_g4_i2|m.9445,-1.08,-6.7863,NA,NA
lcl|c223870_g1_i6|m.9447,0.959,5.0962,NA,NA
lcl|c223971_g2_i1|m.9513,-1.926,-5.2702,NA,NA
lcl|c223990_g2_i1|m.9532,-1.675,-4.6884,NA,NA
lcl|c224182_g8_i1|m.9652,-1.468,-4.1173,NA,NA
lcl|c224226_g3_i4|m.9666,-2.053,-6.3715,NA,NA
lcl|c224242_g3_i7|m.9677,-1.366,-6.8436,NA,NA
lcl|c224260_g2_i3|m.9686,-0.849,-2.4562,NA,NA
lcl|c224263_g3_i3|m.9691,-1.184,-4.6472,NA,NA
lcl|c224289_g1_i1|m.9705,-1.792,-7.3732,NA,NA
lcl|c224332_g10_i1|m.9746,-1.272,-4.1696,NA,NA
lcl|c224432_g1_i4|m.9787,-1.053,-10.3729,NA,NA
lcl|c224456_g4_i3|m.9819,-1.622,-4.4572,NA,NA
lcl|c224457_g1_i1|m.9820,0.769,2.8875,NA,NA
lcl|c224457_g3_i2|m.9821,-1.376,-3.4069,NA,NA
lcl|c224541_g6_i2|m.9899,-0.769,-2.5323,NA,NA
lcl|c224574_g1_i7|m.9961,-1.135,-2.7687,NA,NA
lcl|c224597_g3_i1|m.10003,-1.037,-5.826,NA,NA
lcl|c224672_g1_i1|m.10055,0.556,3.715,NA,NA
lcl|c224672_g2_i1|m.10058,0.617,6.8225,NA,NA
lcl|c224713_g2_i1|m.10075,-0.541,-2.6905,NA,NA
lcl|c224772_g1_i1|m.10116,-2.363,-7.1921,NA,NA
lcl|c224781_g7_i2|m.10124,-1.47,-5.1559,NA,NA
lcl|c224890_g1_i1|m.10217,-2.141,-7.6141,NA,NA
lcl|c224995_g6_i2|m.10289,-0.769,-2.339,NA,NA
lcl|c225098_g3_i9|m.10362,-2.307,-8.3718,NA,NA
lcl|c225136_g5_i9|m.10397,-1.364,-3.3182,NA,NA
lcl|c225222_g1_i4|m.10453,-1.371,-3.422,NA,NA
lcl|c225236_g1_i2|m.10460,-1.169,-6.3191,NA,NA
lcl|c225281_g3_i2|m.10487,-1.011,-3.6262,NA,NA
lcl|c225323_g2_i2|m.10522,0.57,4.8077,NA,NA
lcl|c225423_g3_i2|m.10600,-2.172,-7.0557,NA,NA
lcl|c225478_g2_i2|m.10668,-2.21,-6.3517,NA,NA
lcl|c225590_g2_i4|m.10752,-0.778,-5.0068,NA,NA
lcl|c225618_g2_i6|m.10783,-2.586,-19.1011,NA,NA
lcl|c225632_g3_i1|m.10790,-0.844,-7.6132,NA,NA
lcl|c225713_g4_i1|m.10851,-1.285,-4.0004,NA,NA
lcl|c225761_g6_i1|m.10925,-1.144,-6.0884,NA,NA
lcl|c225789_g4_i1|m.10946,-1.109,-3.6271,NA,NA
lcl|c225859_g2_i6|m.10997,-1.809,-5.032,NA,NA
lcl|c225867_g3_i1|m.11000,-2.841,-9.7651,NA,NA
lcl|c225983_g2_i10|m.11114,-2.473,-7.209,NA,NA
lcl|c226009_g3_i5|m.11131,-2.446,-7.1304,NA,NA
lcl|c226079_g3_i1|m.11186,-1.034,-4.3005,NA,NA
lcl|c226189_g2_i2|m.11277,-1.852,-5.8214,NA,NA
lcl|c226211_g2_i1|m.11296,-1.693,-4.4998,NA,NA
lcl|c226216_g1_i2|m.11298,0.711,3.361,NA,NA
lcl|c226303_g1_i2|m.11380,-1.749,-5.1618,NA,NA
lcl|c226346_g1_i1|m.11426,-0.689,-2.1344,NA,NA
lcl|c226389_g3_i1|m.11454,-0.685,-2.0771,NA,NA
lcl|c226414_g3_i1|m.11460,1.174,4.7555,NA,NA
lcl|c226450_g3_i4|m.11486,-0.543,-5.1678,NA,NA
lcl|c226593_g2_i1|m.11607,-2.137,-9.3721,NA,NA
lcl|c226607_g5_i2|m.11621,-0.58,-3.3918,NA,NA
lcl|c226715_g5_i2|m.11728,-0.718,-2.21,NA,NA
lcl|c226723_g5_i2|m.11731,-0.766,-5.7884,NA,NA
lcl|c226739_g4_i2|m.11743,-2.352,-8.7107,NA,NA
lcl|c226774_g3_i2|m.11777,-0.675,-3.595,NA,NA
lcl|c226971_g4_i11|m.11980,-0.78,-2.5173,NA,NA
lcl|c226971_g4_i9|m.11985,-0.891,-3.0216,NA,NA
lcl|c226978_g9_i3|m.11996,1.115,3.82,NA,NA
lcl|c227129_g2_i15|m.12185,0.72,2.9709,NA,NA
lcl|c227136_g2_i8|m.12192,-0.855,-4.1955,NA,NA
lcl|c227188_g1_i1|m.12222,-1.242,-5.7013,NA,NA
lcl|c227206_g2_i7|m.12247,-2.003,-12.3956,NA,NA
lcl|c227267_g3_i2|m.12289,-0.979,-2.9076,NA,NA
lcl|c227293_g2_i4|m.12320,-0.578,-3.0519,NA,NA
lcl|c227297_g1_i3|m.12321,-1.406,-4.5471,NA,NA
lcl|c227414_g2_i1|m.12410,-2.073,-7.6088,NA,NA
lcl|c227467_g2_i2|m.12463,-3.03,-8.8537,NA,NA
lcl|c227562_g6_i1|m.12582,0.737,6.6853,NA,NA
lcl|c227565_g2_i7|m.12589,-1.627,-4.334,NA,NA
lcl|c227571_g1_i1|m.12592,-1.087,-2.9369,NA,NA
lcl|c227683_g10_i1|m.12674,-2.874,-9.5833,NA,NA
lcl|c227721_g2_i2|m.12707,-0.997,-6.9122,NA,NA
lcl|c227738_g1_i4|m.12717,-1.601,-4.3103,NA,NA
lcl|c227758_g2_i4|m.12736,-1.098,-6.6981,NA,NA
lcl|c227762_g5_i1|m.12740,-1.379,-3.503,NA,NA
lcl|c227794_g1_i1|m.12770,-1.422,-6.4098,NA,NA
lcl|c227804_g2_i3|m.12774,-0.676,-2.0341,NA,NA
lcl|c227847_g4_i2|m.12829,-1.479,-4.1825,NA,NA
lcl|c227856_g7_i5|m.12838,-0.708,-2.4966,NA,NA
lcl|c227910_g4_i10|m.12878,-0.531,-3.5508,NA,NA
lcl|c227928_g3_i2|m.12899,-1.552,-4.7267,NA,NA
lcl|c227928_g3_i7|m.12901,-0.693,-2.5349,NA,NA
lcl|c227969_g2_i1|m.12933,-1.75,-5.8757,NA,NA
lcl|c227993_g1_i6|m.12952,0.522,3.0722,NA,NA
lcl|c228113_g1_i1|m.13052,-0.939,-5.3129,NA,NA
lcl|c228221_g2_i9|m.13137,1.042,6.4261,NA,NA
lcl|c228247_g2_i1|m.13162,-2.617,-8.0614,NA,NA
lcl|c228309_g1_i6|m.13221,-0.974,-3.892,NA,NA
lcl|c228317_g4_i1|m.13231,-0.762,-4.7721,NA,NA
lcl|c228325_g7_i1|m.13245,-1.295,-3.3969,NA,NA
lcl|c228390_g1_i2|m.13299,-1.226,-6.072,NA,NA
lcl|c228506_g1_i2|m.13379,-2.219,-14.2329,NA,NA
lcl|c228524_g1_i1|m.13396,-1.419,-3.6871,NA,NA
lcl|c228543_g5_i2|m.13413,-1.047,-3.7272,NA,NA
lcl|c228583_g6_i1|m.13441,1.295,7.316,NA,NA
lcl|c228621_g3_i1|m.13469,-1.422,-3.7904,NA,NA
lcl|c228623_g6_i3|m.13470,-1.272,-7.0751,NA,NA
lcl|c228665_g3_i2|m.13504,-1.608,-5.4788,NA,NA
lcl|c228678_g2_i11|m.13512,-2.191,-7.3662,NA,NA
lcl|c228692_g3_i3|m.13558,-2.174,-6.1113,NA,NA
lcl|c228728_g1_i4|m.13597,-0.997,-3.4968,NA,NA
lcl|c228778_g1_i1|m.13644,-1.554,-4.0104,NA,NA
lcl|c228838_g1_i2|m.13701,-1.544,-4.4165,NA,NA
lcl|c228847_g1_i2|m.13712,-2.608,-7.8198,NA,NA
lcl|c228848_g6_i3|m.13716,-2.01,-5.623,NA,NA
lcl|c228868_g10_i1|m.13735,-1.117,-3.5985,NA,NA
lcl|c229041_g1_i1|m.13901,-1.711,-4.6411,NA,NA
lcl|c229060_g1_i1|m.13927,-2.533,-11.5774,NA,NA
lcl|c229093_g1_i2|m.13957,-1.736,-4.2986,NA,NA
lcl|c229132_g1_i2|m.13984,-2.433,-14.5049,NA,NA
lcl|c229134_g1_i1|m.13988,-1.677,-6.04,NA,NA
lcl|c229261_g2_i4|m.14109,-0.829,-2.4943,NA,NA
lcl|c229298_g2_i1|m.14136,-0.54,-4.91,NA,NA
lcl|c229310_g3_i5|m.14142,-1.541,-4.4906,NA,NA
lcl|c229340_g1_i1|m.14173,-0.646,-3.7207,NA,NA
lcl|c229412_g3_i1|m.14240,-1.554,-3.9829,NA,NA
lcl|c229461_g3_i2|m.14279,-1.07,-3.1115,NA,NA
lcl|c229482_g2_i3|m.14286,-0.896,-6.7872,NA,NA
lcl|c229503_g1_i3|m.14339,-1.012,-3.0023,NA,NA
lcl|c229507_g2_i4|m.14343,-0.633,-2.3577,NA,NA
lcl|c229538_g7_i4|m.14373,-0.535,-2.7964,NA,NA
lcl|c229583_g3_i7|m.14431,-2.234,-6.51,NA,NA
lcl|c229735_g7_i1|m.14573,-1.68,-8.6378,NA,NA
lcl|c229751_g1_i2|m.14592,0.71,5.7299,NA,NA
lcl|c229776_g6_i2|m.14612,-1.804,-5.0598,NA,NA
lcl|c229808_g3_i3|m.14640,-1.873,-6.2941,NA,NA
lcl|c229881_g6_i6|m.14719,-0.664,-6.4013,NA,NA
lcl|c229913_g3_i1|m.14763,-1.144,-6.5061,NA,NA
lcl|c229917_g4_i4|m.14770,0.691,2.7393,NA,NA
lcl|c230034_g1_i1|m.14877,-1.081,-5.1579,NA,NA
lcl|c230054_g1_i7|m.14897,-0.838,-4.9842,NA,NA
lcl|c230073_g1_i10|m.14919,-3.029,-9.7471,NA,NA
lcl|c230102_g4_i1|m.14957,1.515,7.2879,NA,NA
lcl|c230104_g4_i1|m.14959,-1.89,-5.2011,NA,NA
lcl|c230124_g3_i6|m.14973,-1.387,-13.3544,NA,NA
lcl|c230150_g4_i2|m.14989,-0.861,-2.8492,NA,NA
lcl|c230171_g1_i1|m.15015,-1.659,-4.4652,NA,NA
lcl|c230197_g3_i5|m.15044,-1.055,-4.9863,NA,NA
lcl|c230270_g1_i2|m.15107,-1.461,-4.4458,NA,NA
lcl|c230276_g3_i1|m.15112,-1.323,-3.5042,NA,NA
lcl|c230360_g10_i5|m.15205,-1.052,-4.9995,NA,NA
lcl|c230411_g4_i1|m.15261,-0.678,-2.0767,NA,NA
lcl|c230413_g1_i5|m.15274,-1.298,-3.3493,NA,NA
lcl|c230414_g1_i1|m.15275,-0.927,-3.4177,NA,NA
lcl|c230438_g3_i4|m.15312,-1.546,-4.3725,NA,NA
lcl|c230551_g2_i3|m.15412,-1.244,-3.0392,NA,NA
lcl|c230758_g1_i1|m.15596,-0.777,-2.713,NA,NA
lcl|c230771_g2_i1|m.15607,-1.49,-9.5853,NA,NA
lcl|c230862_g3_i1|m.15714,-2.421,-8.1935,NA,NA
lcl|c230880_g3_i5|m.15737,-0.751,-2.7007,NA,NA
lcl|c230953_g1_i2|m.15824,-0.961,-2.4414,NA,NA
lcl|c230960_g1_i5|m.15839,-1.584,-5.0092,NA,NA
lcl|c231030_g9_i2|m.15907,-2.09,-6.6318,NA,NA
lcl|c231068_g6_i2|m.15939,-0.648,-8.0881,NA,NA
lcl|c231083_g2_i1|m.15952,-1.704,-4.8337,NA,NA
lcl|c231142_g1_i4|m.15993,-0.974,-3.7822,NA,NA
lcl|c231190_g4_i6|m.16031,-0.832,-4.5183,NA,NA
lcl|c231271_g2_i4|m.16089,-1.76,-4.6398,NA,NA
lcl|c231430_g2_i6|m.16242,1.265,4.4357,NA,NA
lcl|c231440_g4_i2|m.16256,-1.286,-5.728,NA,NA
lcl|c231469_g3_i4|m.16290,-0.998,-6.9044,NA,NA
lcl|c231477_g1_i1|m.16301,0.681,2.5077,NA,NA
lcl|c231559_g1_i5|m.16408,-1.796,-8.7928,NA,NA
lcl|c231634_g1_i2|m.16472,-0.824,-7.8907,NA,NA
lcl|c231698_g2_i1|m.16532,-1.258,-3.4453,NA,NA
lcl|c231737_g1_i3|m.16576,1.315,4.8913,NA,NA
lcl|c231821_g3_i1|m.16651,-1.185,-6.261,NA,NA
lcl|c231891_g1_i1|m.16759,-1.59,-9.846,NA,NA
lcl|c231929_g5_i1|m.16788,-1.461,-4.0317,NA,NA
lcl|c231931_g2_i1|m.16792,-0.73,-5.6499,NA,NA
lcl|c231997_g2_i3|m.16900,-1.164,-8.546,NA,NA
lcl|c232008_g1_i2|m.16909,-1.428,-4.0106,NA,NA
lcl|c232105_g3_i1|m.16994,-0.547,-2.7952,NA,NA
lcl|c232109_g7_i6|m.17002,-1.327,-5.5027,NA,NA
lcl|c232182_g2_i1|m.17105,-1.568,-3.8824,NA,NA
lcl|c232249_g2_i1|m.17180,0.668,4.5328,NA,NA
lcl|c232294_g5_i11|m.17227,-1.514,-3.8561,NA,NA
lcl|c232338_g2_i2|m.17255,-0.951,-3.2896,NA,NA
lcl|c232401_g7_i2|m.17338,-1.017,-5.0547,NA,NA
lcl|c232424_g1_i6|m.17358,-1.64,-8.5861,NA,NA
lcl|c232440_g3_i1|m.17372,-0.862,-2.2676,NA,NA
lcl|c232520_g2_i5|m.17456,-1.469,-5.0198,NA,NA
lcl|c232540_g2_i1|m.17495,-1.968,-5.808,NA,NA
lcl|c232541_g3_i1|m.17498,-1.583,-5.9061,NA,NA
lcl|c232587_g1_i15|m.17560,-2.427,-7.532,NA,NA
lcl|c232634_g2_i3|m.17627,-1.323,-3.2541,NA,NA
lcl|c232660_g2_i7|m.17650,-1.622,-4.3899,NA,NA
lcl|c232676_g1_i2|m.17666,-1.83,-5.3237,NA,NA
lcl|c232684_g7_i2|m.17670,-1.541,-4.6222,NA,NA
lcl|c232692_g3_i1|m.17680,-1.285,-3.3866,NA,NA
lcl|c232716_g1_i2|m.17708,-0.584,-5.0253,NA,NA
lcl|c232736_g7_i11|m.17724,-1.154,-3.4065,NA,NA
lcl|c232769_g4_i2|m.17751,-1.307,-4.3511,NA,NA
lcl|c232791_g2_i3|m.17780,1.403,7.1286,NA,NA
lcl|c232813_g3_i2|m.17801,-1.028,-3.3591,NA,NA
lcl|c232834_g2_i9|m.17824,0.608,3.019,NA,NA
lcl|c232847_g2_i2|m.17831,-1.206,-5.9138,NA,NA
lcl|c232854_g3_i11|m.17840,-1.555,-6.2195,NA,NA
lcl|c232899_g1_i2|m.17887,-1.132,-5.6126,NA,NA
lcl|c232931_g1_i10|m.17922,-1.234,-4.3324,NA,NA
lcl|c233001_g2_i4|m.18006,-0.89,-9.5104,NA,NA
lcl|c233012_g3_i3|m.18031,-1.571,-11.9855,NA,NA
lcl|c233014_g2_i1|m.18039,-1.159,-2.9189,NA,NA
lcl|c233024_g1_i6|m.18051,-0.995,-7.525,NA,NA
lcl|c233030_g2_i3|m.18059,-1.474,-7.2734,NA,NA
lcl|c233033_g3_i4|m.18064,-1.107,-3.3799,NA,NA
lcl|c233068_g2_i1|m.18098,-2.058,-22.5941,NA,NA
lcl|c233068_g2_i3|m.18101,-2.156,-21.4787,NA,NA
lcl|c233095_g1_i10|m.18140,-1.602,-4.238,NA,NA
lcl|c233142_g2_i1|m.18198,-2.124,-7.1727,NA,NA
lcl|c233143_g2_i13|m.18204,-2.122,-5.9506,NA,NA
lcl|c233156_g1_i1|m.18213,1.554,8.3104,NA,NA
lcl|c233212_g2_i5|m.18273,-2.217,-6.7381,NA,NA
lcl|c233217_g1_i2|m.18284,-1.218,-3.0427,NA,NA
lcl|c233235_g3_i2|m.18302,-1.972,-5.4954,NA,NA
lcl|c233247_g1_i1|m.18311,1.697,9.0516,NA,NA
lcl|c233287_g2_i1|m.18368,-1.002,-7.9592,NA,NA
lcl|c233306_g1_i2|m.18390,0.651,7.7661,NA,NA
lcl|c233449_g1_i1|m.18576,-0.833,-2.9532,NA,NA
lcl|c233474_g3_i1|m.18592,-2.902,-9.1613,NA,NA
lcl|c233481_g5_i1|m.18601,-2.559,-7.8227,NA,NA
lcl|c233603_g4_i1|m.18756,-1.768,-5.0941,NA,NA
lcl|c233767_g1_i3|m.18989,0.793,7.9749,NA,NA
lcl|c233774_g10_i4|m.19004,-1.64,-5.4887,NA,NA
lcl|c233784_g1_i2|m.19012,-1.706,-5.2824,NA,NA
lcl|c233811_g4_i2|m.19026,-1.902,-5.3459,NA,NA
lcl|c233818_g2_i6|m.19032,-1.618,-8.7488,NA,NA
lcl|c233848_g8_i1|m.19070,-1.212,-2.9952,NA,NA
lcl|c233857_g2_i5|m.19099,-4.693,-15.5129,NA,unknown
lcl|c233948_g1_i2|m.19238,-0.912,-11.3504,NA,NA
lcl|c234004_g4_i3|m.19315,-1.695,-7.0215,NA,NA
lcl|c234030_g1_i1|m.19351,-1.162,-3.0391,NA,NA
lcl|c234041_g5_i1|m.19364,0.657,2.8908,NA,NA
lcl|c234054_g3_i2|m.19385,0.882,11.3175,NA,NA
lcl|c234082_g2_i6|m.19416,-1.744,-5.1275,NA,NA
lcl|c234135_g3_i2|m.19525,-1.211,-3.3362,NA,NA
lcl|c234140_g5_i2|m.19531,-1.518,-5.3767,NA,NA
lcl|c234177_g2_i1|m.19581,-2.005,-5.7069,NA,NA
lcl|c234226_g1_i1|m.19634,-1.459,-4.5027,NA,NA
lcl|c234277_g5_i1|m.19677,-1.02,-3.9468,NA,NA
lcl|c234352_g2_i1|m.19757,-2.268,-6.934,NA,NA
lcl|c234380_g5_i3|m.19780,-3.1,-9.8945,NA,NA
lcl|c234421_g4_i7|m.19822,0.506,2.4654,NA,NA
lcl|c234511_g2_i1|m.19914,-1.212,-3.4776,NA,NA
lcl|c234533_g4_i3|m.19947,0.687,8.0519,NA,NA
lcl|c234626_g4_i3|m.20042,-0.592,-6.4926,NA,NA
lcl|c234643_g1_i12|m.20068,1.233,6.6615,NA,NA
lcl|c234643_g1_i2|m.20073,1.496,9.8849,NA,NA
lcl|c234643_g1_i6|m.20078,1.079,4.2461,NA,NA
lcl|c234643_g1_i7|m.20081,1.004,6.7959,NA,NA
lcl|c234657_g3_i4|m.20097,-1.264,-3.6729,NA,NA
lcl|c234789_g3_i1|m.20259,-1.706,-14.1815,NA,NA
lcl|c234851_g1_i2|m.20336,-0.837,-2.4311,NA,NA
lcl|c234877_g1_i1|m.20373,-2.675,-8.9867,NA,NA
lcl|c234934_g3_i3|m.20432,0.675,7.013,NA,NA
lcl|c234981_g4_i1|m.20476,-1.22,-2.9424,NA,NA
lcl|c235036_g1_i1|m.20514,0.815,6.3042,NA,NA
lcl|c235213_g4_i11|m.20710,-0.679,-4.0897,NA,NA
lcl|c235283_g6_i2|m.20781,-2.82,-8.681,NA,NA
lcl|c235389_g5_i2|m.20890,-0.848,-3.8522,NA,NA
lcl|c235399_g7_i4|m.20891,-0.733,-4.7603,NA,NA
lcl|c235481_g2_i1|m.20956,1.35,6.4871,NA,NA
lcl|c235506_g6_i4|m.20981,1.581,5.0453,NA,NA
lcl|c235526_g4_i1|m.21004,-1.92,-5.7098,NA,NA
lcl|c235548_g1_i1|m.21054,-1.572,-6.3612,NA,NA
lcl|c235712_g3_i3|m.21245,-2.154,-7.0148,NA,NA
lcl|c235735_g2_i4|m.21279,0.598,5.7542,NA,NA
lcl|c235743_g4_i1|m.21296,1.17,3.5251,NA,NA
lcl|c235757_g3_i5|m.21305,1.075,6.7815,NA,NA
lcl|c235847_g2_i10|m.21377,-1.223,-3.0741,NA,NA
lcl|c235850_g2_i3|m.21382,-1.231,-3.3904,NA,NA
lcl|c236073_g1_i1|m.21645,-1.338,-3.1534,NA,NA
lcl|c236101_g5_i2|m.21702,-1.23,-3.284,NA,NA
lcl|c236134_g1_i2|m.21741,-2.936,-14.092,NA,NA
lcl|c236138_g1_i3|m.21749,-2.784,-11.148,NA,NA
lcl|c236234_g4_i10|m.21877,-1.007,-3.9981,NA,NA
lcl|c236256_g2_i1|m.21902,-1.522,-10.2276,NA,NA
lcl|c236286_g4_i1|m.21959,-1.043,-2.5676,NA,NA
lcl|c236356_g1_i1|m.22029,-0.927,-2.6225,NA,NA
lcl|c236523_g2_i4|m.22204,-1.587,-15.9213,NA,NA
lcl|c236527_g2_i1|m.22205,1.359,5.8016,NA,NA
lcl|c236542_g2_i1|m.22226,-1.819,-5.0787,NA,NA
lcl|c236545_g2_i2|m.22230,-1.207,-2.8615,NA,NA
lcl|c236793_g3_i7|m.22527,-1.749,-5.079,NA,NA
lcl|c236793_g3_i9|m.22532,-0.802,-2.4575,NA,NA
lcl|c236822_g3_i10|m.22574,-1.776,-14.0731,NA,NA
lcl|c236892_g3_i5|m.22669,-2.043,-6.3608,NA,NA
lcl|c236955_g1_i6|m.22719,-1.56,-4.3412,NA,NA
lcl|c237098_g1_i2|m.22911,-0.671,-4.5428,NA,NA
lcl|c237191_g2_i5|m.23010,-1.615,-11.0383,NA,NA
lcl|c237211_g6_i4|m.23025,-1.621,-5.4867,NA,NA
lcl|c237237_g1_i5|m.23062,-0.805,-4.0296,NA,NA
lcl|c237405_g1_i2|m.23236,-1.359,-4.9697,NA,NA
lcl|c237420_g3_i1|m.23247,-1.305,-3.2766,NA,NA
lcl|c237535_g3_i3|m.23359,-0.909,-2.6585,NA,NA
lcl|c237550_g1_i1|m.23390,0.861,3.3266,NA,NA
lcl|c237560_g2_i1|m.23397,-1.263,-8.7078,NA,NA
lcl|c237638_g1_i15|m.23528,-1.218,-3.1744,NA,NA
lcl|c237814_g2_i4|m.23787,-2.255,-10.589,NA,NA
lcl|c237894_g6_i1|m.23869,1.637,6.1602,NA,NA
lcl|c237955_g4_i3|m.23932,-0.875,-2.4635,NA,NA
lcl|c237969_g1_i5|m.23942,-1.29,-3.9532,NA,NA
lcl|c238052_g1_i4|m.24050,0.761,8.4601,NA,NA
lcl|c238054_g2_i6|m.24053,-0.712,-2.3556,NA,NA
lcl|c238111_g1_i1|m.24102,-0.995,-6.2569,NA,NA
lcl|c238296_g3_i2|m.24349,-1.223,-3.5064,NA,NA
lcl|c238364_g3_i7|m.24424,-1.936,-6.1681,NA,NA
lcl|c238378_g1_i1|m.24441,0.969,5.6758,NA,NA
lcl|c238429_g5_i1|m.24515,1.408,13.4371,NA,NA
lcl|c238572_g3_i3|m.24677,-0.901,-7.5997,NA,NA
lcl|c238662_g3_i1|m.24774,-0.761,-2.0801,NA,NA
lcl|c238676_g4_i3|m.24804,-2.458,-11.9232,NA,NA
lcl|c238677_g1_i1|m.24810,-1.91,-7.8016,NA,NA
lcl|c238681_g1_i11|m.24819,-2.636,-8.1791,NA,NA
lcl|c238826_g2_i1|m.24957,-0.789,-3.5896,NA,NA
lcl|c238903_g3_i2|m.25053,-0.557,-3.9205,NA,NA
lcl|c238912_g1_i4|m.25063,-2.583,-8.6104,NA,NA
lcl|c238994_g2_i3|m.25167,-0.74,-2.743,NA,NA
lcl|c239101_g4_i2|m.25293,-2.404,-7.4325,NA,NA
lcl|c239125_g3_i2|m.25324,-1.18,-4.4078,NA,NA
lcl|c239136_g4_i3|m.25338,-1.11,-3.3794,NA,NA
lcl|c239219_g5_i1|m.25453,-2.79,-8.9404,NA,NA
lcl|c239343_g4_i4|m.25612,-0.963,-3.3354,NA,NA
lcl|c239381_g2_i1|m.25706,-1.637,-8.729,NA,NA
lcl|c239436_g1_i2|m.25787,-1.352,-3.4029,NA,NA
lcl|c239587_g1_i1|m.26015,-1.705,-4.728,NA,NA
lcl|c239662_g2_i17|m.26115,-0.778,-3.8232,NA,NA
lcl|c239662_g2_i17|m.26116,-1.39,-3.6976,NA,NA
lcl|c239670_g2_i1|m.26141,-0.94,-2.3336,NA,NA
lcl|c239682_g2_i1|m.26160,-1.481,-3.8434,NA,NA
lcl|c239722_g4_i5|m.26254,-1.732,-6.7918,NA,NA
lcl|c239816_g8_i3|m.26354,-1.095,-5.6961,NA,NA
lcl|c239835_g2_i1|m.26401,-1.569,-4.1076,NA,NA
lcl|c239883_g8_i2|m.26469,-2.074,-6.0021,NA,NA
lcl|c239887_g1_i1|m.26471,-1.496,-5.9171,NA,NA
lcl|c239893_g3_i11|m.26493,-0.737,-2.1408,NA,NA
lcl|c239931_g2_i1|m.26539,-1.553,-4.2831,NA,NA
lcl|c239956_g2_i4|m.26561,1.319,8.7895,NA,NA
lcl|c239962_g2_i3|m.26573,-1.279,-4.013,NA,NA
lcl|c240077_g1_i1|m.26736,0.885,4.1251,NA,NA
lcl|c240253_g1_i1|m.26963,1.148,7.0961,NA,NA
lcl|c240274_g5_i1|m.26994,-0.721,-2.7823,NA,NA
lcl|c240327_g5_i1|m.27085,-1.445,-4.0299,NA,NA
lcl|c240370_g1_i1|m.27121,-2.646,-9.0247,NA,NA
lcl|c240380_g1_i4|m.27156,-1.447,-3.5355,NA,NA
lcl|c240440_g6_i6|m.27259,-1.036,-10.5876,NA,NA
lcl|c240488_g1_i6|m.27324,-0.836,-2.2978,NA,NA
lcl|c240612_g3_i13|m.27477,-1.761,-6.2579,NA,NA
lcl|c240630_g1_i1|m.27515,-0.762,-2.1857,NA,NA
lcl|c240640_g2_i1|m.27531,0.944,4.3923,NA,NA
lcl|c240699_g3_i15|m.27615,-2.854,-11.5769,NA,NA
lcl|c240711_g1_i2|m.27634,-1.79,-5.5782,NA,NA
lcl|c240720_g1_i3|m.27662,-1.222,-16.0046,NA,NA
lcl|c240787_g1_i1|m.27744,-1.074,-3.2513,NA,NA
lcl|c240793_g1_i1|m.27747,-1.571,-4.203,NA,NA
lcl|c240846_g1_i2|m.27805,-1.429,-3.8086,NA,NA
lcl|c240852_g1_i3|m.27810,-1.551,-8.2136,NA,NA
lcl|c240877_g2_i2|m.27858,-1.07,-3.9279,NA,NA
lcl|c240887_g1_i1|m.27877,-2.343,-7.1348,NA,NA
lcl|c240887_g1_i5|m.27881,-1.802,-5.5655,NA,NA
lcl|c240904_g2_i1|m.27923,-2.597,-9.6728,NA,NA
lcl|c240911_g1_i2|m.27934,-2.311,-7.2354,NA,NA
lcl|c241031_g1_i1|m.28098,-0.948,-12.7924,NA,NA
lcl|c241114_g1_i2|m.28195,-1.82,-6.8841,NA,NA
lcl|c241174_g2_i10|m.28286,-0.52,-2.3311,NA,NA
lcl|c241197_g1_i1|m.28305,-1.399,-3.5522,NA,NA
lcl|c241252_g2_i5|m.28366,-0.737,-3.6247,NA,NA
lcl|c241286_g1_i3|m.28381,-1.217,-3.0239,NA,NA
lcl|c241299_g1_i6|m.28386,-0.838,-6.2374,NA,NA
lcl|c241349_g1_i1|m.28471,-1.448,-4.3176,NA,NA
lcl|c241378_g5_i4|m.28499,-1.51,-4.0193,NA,NA
lcl|c241444_g1_i2|m.28576,-2.622,-13.0269,NA,NA
lcl|c241466_g2_i10|m.28615,1.138,5.1203,NA,NA
lcl|c241500_g1_i1|m.28663,-1.856,-6.0166,NA,NA
lcl|c241516_g1_i3|m.28672,-2.804,-9.9134,NA,NA
lcl|c241649_g4_i1|m.28823,-1.415,-5.9178,NA,NA
lcl|c241824_g2_i8|m.28976,-1.277,-3.3342,NA,NA
lcl|c241873_g2_i3|m.29039,-0.653,-2.4886,NA,NA
lcl|c241874_g1_i1|m.29044,1.609,7.3146,NA,NA
lcl|c241874_g1_i11|m.29053,1.68,12.0293,NA,NA
lcl|c241916_g1_i1|m.29146,-0.726,-3.7539,NA,NA
lcl|c242047_g5_i1|m.29305,-1.297,-3.4717,NA,NA
lcl|c242066_g1_i1|m.29327,-1.053,-5.5842,NA,NA
lcl|c242527_g2_i1|m.29909,0.883,3.362,NA,NA
lcl|c242581_g1_i1|m.29984,-1.962,-6.3271,NA,NA
lcl|c242633_g1_i1|m.30058,0.503,6.4117,NA,NA
lcl|c242743_g1_i1|m.30188,1.182,21.8218,NA,NA
lcl|c242868_g4_i4|m.30303,-0.857,-6.892,NA,NA
lcl|c242894_g3_i1|m.30343,-1.207,-4.5975,NA,NA
lcl|c242924_g1_i1|m.30399,0.876,6.9124,NA,NA
lcl|c243010_g3_i1|m.30515,-0.804,-5.5664,NA,NA
lcl|c243059_g4_i3|m.30568,-1.118,-4.1413,NA,NA
lcl|c243308_g5_i1|m.30798,-1.746,-4.5507,NA,NA
lcl|c243349_g1_i4|m.30872,-2.611,-11.324,NA,NA
lcl|c243357_g2_i4|m.30881,-1.763,-5.4221,NA,NA
lcl|c243393_g3_i1|m.30930,0.589,5.0261,NA,NA
lcl|c243493_g3_i2|m.31028,-2.418,-8.8327,NA,NA
lcl|c243516_g2_i1|m.31047,1.243,3.959,NA,NA
lcl|c243554_g1_i5|m.31071,0.808,3.1711,NA,NA
lcl|c243614_g4_i2|m.31123,0.668,2.2518,NA,NA
lcl|c243765_g1_i1|m.31282,-0.642,-2.5168,NA,NA
lcl|c243774_g1_i2|m.31291,-2.315,-11.3245,NA,NA
lcl|c243813_g3_i2|m.31355,-1.497,-5.7136,NA,NA
lcl|c243893_g1_i1|m.31474,-0.694,-6.0632,NA,NA
lcl|c243935_g1_i3|m.31546,-2.115,-6.7646,NA,NA
lcl|c243954_g3_i1|m.31569,-1.651,-6.9726,NA,NA
lcl|c244084_g2_i1|m.31724,-0.697,-2.8876,NA,NA
lcl|c244145_g1_i1|m.31801,1.156,8.3484,NA,NA
lcl|c244169_g2_i1|m.31846,-1.581,-4.6722,NA,NA
lcl|c244255_g3_i1|m.31943,0.702,4.3148,NA,NA
lcl|c244264_g3_i1|m.31952,-1.428,-3.9455,NA,NA
lcl|c244407_g1_i3|m.32143,-2.521,-12.224,NA,NA
lcl|c244441_g1_i1|m.32200,-1.515,-3.9676,NA,NA
lcl|c244474_g3_i1|m.32253,0.718,4.0174,NA,NA
lcl|c244515_g4_i1|m.32348,-0.791,-2.2903,NA,NA
lcl|c98777_g1_i1|m.32741,-1.226,-3.2102,NA,NA
lcl|c201441_g1_i1|m.1204,-0.683,-1.8647,NA,NA
lcl|c210228_g3_i1|m.2141,-0.751,-1.9466,NA,NA
lcl|c210342_g3_i4|m.2163,-0.504,-1.8092,NA,NA
lcl|c213278_g3_i2|m.3010,-0.629,-1.8283,NA,NA
lcl|c221676_g4_i4|m.7786,0.535,1.6518,NA,NA
lcl|c227290_g1_i5|m.12317,-0.536,-1.7564,NA,NA
lcl|c227927_g4_i1|m.12894,-0.611,-1.687,NA,NA
lcl|c230632_g1_i6|m.15498,-0.618,-1.7676,NA,NA
lcl|c232555_g1_i2|m.17516,-0.504,-1.3381,NA,NA
lcl|c232783_g1_i1|m.17764,-0.557,-1.5419,NA,NA
lcl|c233334_g2_i12|m.18425,-0.7,-1.9483,NA,NA
lcl|c234869_g3_i5|m.20367,-0.563,-1.7805,NA,NA
lcl|c236859_g1_i3|m.22625,-0.55,-1.9492,NA,NA
lcl|c240259_g4_i3|m.26973,-0.575,-1.8171,NA,NA
lcl|c240761_g2_i10|m.27710,-0.509,-1.6104,NA,NA
lcl|c243724_g1_i1|m.31250,-0.6,-1.7281,NA,NA
lcl|c209565_g1_i2|m.1999,-0.363,-2.9954,NA,NA
lcl|c214032_g1_i4|m.3331,0.471,4.851,NA,NA
lcl|c215492_g2_i9|m.4058,0.293,3.2876,NA,NA
lcl|c216289_g7_i1|m.4487,-0.407,-2.2116,NA,NA
lcl|c217447_g9_i5|m.5205,0.214,3.1778,NA,NA
lcl|c217573_g1_i1|m.5252,0.483,2.1331,NA,NA
lcl|c217808_g1_i5|m.5370,0.367,4.3899,NA,NA
lcl|c218872_g2_i3|m.6012,0.443,2.6425,NA,NA
lcl|c219601_g1_i1|m.6471,-0.392,-4.5898,NA,NA
lcl|c219662_g1_i2|m.6507,0.396,4.08,NA,NA
lcl|c219883_g1_i2|m.6624,0.494,4.9316,NA,NA
lcl|c220640_g5_i2|m.7065,0.415,3.5626,NA,NA
lcl|c220748_g5_i2|m.7116,-0.396,-4.3038,NA,NA
lcl|c222639_g5_i2|m.8480,0.481,4.1998,NA,NA
lcl|c222950_g5_i5|m.8734,0.435,3.6932,NA,NA
lcl|c223247_g3_i6|m.8971,-0.46,-2.2142,NA,NA
lcl|c223454_g1_i3|m.9139,-0.409,-2.2615,NA,NA
lcl|c223677_g1_i1|m.9303,0.41,2.2268,NA,NA
lcl|c224624_g4_i1|m.10025,0.353,2.0802,NA,NA
lcl|c225352_g1_i1|m.10544,0.371,4.2661,NA,NA
lcl|c225471_g2_i2|m.10654,0.419,3.8126,NA,NA
lcl|c225972_g1_i1|m.11091,0.344,4.7113,NA,NA
lcl|c226769_g3_i1|m.11767,0.461,4.3752,NA,NA
lcl|c226990_g1_i2|m.12024,-0.496,-2.5216,NA,NA
lcl|c227332_g2_i2|m.12341,-0.201,-2.3566,NA,NA
lcl|c228583_g3_i2|m.13440,0.461,2.543,NA,NA
lcl|c228994_g6_i1|m.13852,-0.423,-2.1315,NA,NA
lcl|c229422_g1_i2|m.14250,0.298,3.9237,NA,NA
lcl|c229422_g1_i9|m.14251,0.378,3.4412,NA,NA
lcl|c229532_g3_i4|m.14360,0.494,6.012,NA,NA
lcl|c229550_g1_i3|m.14392,-0.285,-3.5506,NA,NA
lcl|c230355_g4_i3|m.15198,0.267,2.3088,NA,NA
lcl|c230823_g3_i1|m.15672,0.248,2.0677,NA,NA
lcl|c231043_g3_i4|m.15925,0.466,2.9182,NA,NA
lcl|c231281_g6_i3|m.16097,-0.213,-2.707,NA,NA
lcl|c232046_g3_i8|m.16952,0.33,4.0387,NA,NA
lcl|c232242_g3_i1|m.17174,0.324,2.0563,NA,NA
lcl|c232813_g1_i6|m.17800,0.452,2.157,NA,NA
lcl|c232843_g1_i4|m.17830,-0.246,-2.4382,NA,NA
lcl|c233068_g3_i4|m.18107,-0.378,-2.1331,NA,NA
lcl|c234788_g2_i3|m.20258,-0.402,-2.0555,NA,NA
lcl|c235184_g7_i1|m.20675,-0.426,-2.8657,NA,NA
lcl|c238537_g2_i6|m.24628,-0.266,-4.1398,NA,NA
lcl|c238537_g2_i7|m.24631,-0.468,-4.1209,NA,NA
lcl|c238581_g1_i1|m.24692,0.263,2.5385,NA,NA
lcl|c239240_g3_i4|m.25490,-0.48,-4.4385,NA,NA
lcl|c241650_g2_i3|m.28826,-0.245,-2.5721,NA,NA
lcl|c242373_g3_i2|m.29725,-0.306,-2.4425,NA,NA
lcl|c243154_g1_i1|m.30688,-0.351,-2.2814,NA,NA
lcl|c244235_g1_i2|m.31919,0.494,2.0837,NA,NA
lcl|c244439_g1_i1|m.32192,0.225,2.5348,NA,NA
lcl|c318732_g1_i1|m.32501,0.327,2.2521,NA,NA
lcl|c145576_g1_i1|m.265,-0.41,-1.3333,NA,NA
lcl|c169761_g1_i1|m.505,0.287,0.974,NA,NA
lcl|c203193_g1_i1|m.1308,0.039,0.263,NA,NA
lcl|c205697_g1_i1|m.1481,0.014,0.1571,NA,NA
lcl|c209570_g1_i3|m.2003,-0.395,-1.6009,NA,NA
lcl|c210398_g1_i3|m.2174,-0.213,-1.7895,NA,NA
lcl|c210749_g1_i1|m.2273,-0.113,-1.2827,NA,NA
lcl|c211615_g1_i2|m.2471,0.402,1.291,NA,NA
lcl|c211774_g2_i1|m.2538,0.432,1.6577,NA,NA
lcl|c213534_g3_i4|m.3118,0.201,1.1884,NA,NA
lcl|c214108_g4_i4|m.3369,-0.234,-1.468,NA,NA
lcl|c215316_g1_i1|m.3942,0.22,1.2942,NA,NA
lcl|c216129_g1_i2|m.4409,-0.129,-0.5338,NA,NA
lcl|c216377_g1_i3|m.4559,0.167,0.5509,NA,NA
lcl|c216467_g10_i1|m.4595,-0.158,-0.804,NA,NA
lcl|c216467_g8_i1|m.4596,-0.072,-0.2357,NA,NA
lcl|c216650_g2_i1|m.4697,0.307,1.5406,NA,NA
lcl|c216942_g4_i3|m.4860,0.049,0.2895,NA,NA
lcl|c217887_g8_i2|m.5422,-0.289,-0.8571,NA,NA
lcl|c218123_g3_i2|m.5572,-0.053,-0.259,NA,NA
lcl|c218375_g1_i1|m.5756,-0.252,-1.6294,NA,NA
lcl|c218647_g3_i1|m.5884,0.064,0.2426,NA,NA
lcl|c218748_g1_i1|m.5931,-0.408,-1.552,NA,NA
lcl|c218842_g3_i2|m.5987,-0.08,-0.5602,NA,NA
lcl|c219546_g2_i1|m.6439,-0.104,-0.9358,NA,NA
lcl|c220008_g2_i5|m.6705,-0.284,-1.3427,NA,NA
lcl|c220252_g1_i3|m.6839,-0.171,-0.653,NA,NA
lcl|c220300_g3_i1|m.6859,0.068,0.7295,NA,NA
lcl|c220475_g1_i1|m.6962,0.01,0.0446,NA,NA
lcl|c220485_g3_i1|m.6974,0.058,0.2486,NA,NA
lcl|c221039_g1_i2|m.7339,0.125,0.5338,NA,NA
lcl|c221039_g3_i2|m.7343,-0.111,-0.3501,NA,NA
lcl|c221225_g1_i6|m.7493,-0.05,-0.28,NA,NA
lcl|c221593_g3_i1|m.7753,-0.369,-1.9551,NA,NA
lcl|c221608_g1_i1|m.7755,-0.038,-0.2091,NA,NA
lcl|c221662_g2_i4|m.7775,-0.151,-0.6392,NA,NA
lcl|c221753_g3_i7|m.7844,0.402,1.5927,NA,NA
lcl|c222186_g2_i2|m.8151,-0.036,-0.1298,NA,NA
lcl|c222208_g5_i7|m.8170,-0.02,-0.0604,NA,NA
lcl|c222306_g9_i1|m.8237,0.288,1.0877,NA,NA
lcl|c222484_g2_i1|m.8393,-0.319,-1.8976,NA,NA
lcl|c222929_g2_i3|m.8717,0.315,1.6691,NA,NA
lcl|c223775_g7_i2|m.9373,-0.267,-0.828,NA,NA
lcl|c224201_g3_i8|m.9658,-0.013,-0.1508,NA,NA
lcl|c224498_g4_i2|m.9859,0.261,0.8413,NA,NA
lcl|c224624_g2_i1|m.10023,0.01,0.0627,NA,NA
lcl|c225015_g2_i1|m.10306,-0.309,-0.9685,NA,NA
lcl|c225668_g5_i2|m.10809,-0.045,-0.1834,NA,NA
lcl|c225756_g1_i2|m.10914,-0.259,-0.8964,NA,NA
lcl|c226046_g1_i2|m.11150,-0.097,-0.4462,NA,NA
lcl|c226084_g3_i2|m.11194,-0.422,-1.9985,NA,NA
lcl|c226287_g1_i2|m.11357,0.496,1.9931,NA,NA
lcl|c226505_g3_i2|m.11536,-0.479,-1.6226,NA,NA
lcl|c227188_g1_i3|m.12224,0.088,0.3978,NA,NA
lcl|c227361_g2_i9|m.12363,-0.311,-1.7732,NA,NA
lcl|c227657_g3_i1|m.12650,0.192,0.9709,NA,NA
lcl|c227928_g1_i2|m.12896,-0.388,-1.3,NA,NA
lcl|c227969_g5_i2|m.12934,-0.108,-0.6426,NA,NA
lcl|c228038_g3_i1|m.12994,-0.236,-1.0275,NA,NA
lcl|c228056_g1_i4|m.13006,0.401,1.4897,NA,NA
lcl|c228121_g2_i2|m.13058,-0.184,-0.6365,NA,NA
lcl|c228380_g1_i2|m.13296,-0.491,-1.4606,NA,NA
lcl|c228525_g4_i3|m.13399,-0.098,-0.3992,NA,NA
lcl|c228772_g4_i5|m.13636,-0.139,-0.9831,NA,NA
lcl|c228789_g1_i1|m.13647,-0.118,-0.6415,NA,NA
lcl|c229025_g3_i1|m.13888,-0.453,-1.2899,NA,NA
lcl|c229056_g1_i4|m.13924,0.355,1.4894,NA,NA
lcl|c229110_g2_i1|m.13970,0.405,1.2945,NA,NA
lcl|c229550_g1_i3|m.14393,0.218,1.7136,NA,NA
lcl|c229561_g1_i12|m.14408,0.051,0.3517,NA,NA
lcl|c229615_g3_i4|m.14451,-0.058,-0.3655,NA,NA
lcl|c230011_g2_i5|m.14861,-0.396,-1.5553,NA,NA
lcl|c230065_g1_i2|m.14908,-0.45,-1.4869,NA,NA
lcl|c230481_g5_i1|m.15356,0.081,0.4594,NA,NA
lcl|c231052_g3_i3|m.15929,0.019,0.1076,NA,NA
lcl|c231252_g2_i1|m.16075,-0.124,-0.3944,NA,NA
lcl|c231257_g1_i5|m.16082,-0.357,-1.4088,NA,NA
lcl|c231460_g1_i4|m.16283,-0.26,-0.8642,NA,NA
lcl|c231506_g1_i1|m.16344,-0.321,-1.125,NA,NA
lcl|c231789_g3_i2|m.16623,0.394,1.2189,NA,NA
lcl|c232137_g2_i1|m.17041,0.261,0.8653,NA,NA
lcl|c232294_g5_i11|m.17226,-0.478,-1.364,NA,NA
lcl|c232653_g3_i1|m.17643,-0.479,-1.7814,NA,NA
lcl|c232744_g5_i2|m.17733,0.15,0.6867,NA,NA
lcl|c232842_g1_i1|m.17827,-0.213,-0.748,NA,NA
lcl|c232983_g2_i2|m.17991,-0.256,-1.1579,NA,NA
lcl|c233011_g1_i2|m.18023,0.021,0.0678,NA,NA
lcl|c233215_g1_i5|m.18281,-0.446,-1.5136,NA,NA
lcl|c233339_g2_i12|m.18429,0.104,0.323,NA,NA
lcl|c233547_g4_i3|m.18699,-0.155,-0.5042,NA,NA
lcl|c233922_g1_i2|m.19174,-0.212,-0.6369,NA,NA
lcl|c234075_g1_i1|m.19400,-0.364,-1.8725,NA,NA
lcl|c234898_g1_i3|m.20394,-0.405,-1.8611,NA,NA
lcl|c235089_g1_i3|m.20552,-0.333,-1.9831,NA,NA
lcl|c235513_g2_i1|m.20994,0.009,0.0528,NA,NA
lcl|c235690_g8_i1|m.21219,-0.434,-1.4894,NA,NA
lcl|c236114_g1_i1|m.21718,-0.391,-1.1744,NA,NA
lcl|c236120_g2_i1|m.21731,0.413,1.2397,NA,NA
lcl|c236135_g4_i5|m.21746,-0.497,-1.3794,NA,NA
lcl|c236195_g2_i1|m.21821,-0.023,-0.0766,NA,NA
lcl|c236195_g2_i4|m.21823,-0.364,-1.3582,NA,NA
lcl|c236239_g1_i2|m.21882,-0.028,-0.1222,NA,NA
lcl|c236250_g3_i7|m.21896,-0.167,-1.1021,NA,NA
lcl|c236562_g3_i1|m.22244,0.212,1.5187,NA,NA
lcl|c236655_g1_i2|m.22362,0.369,1.5627,NA,NA
lcl|c236666_g2_i2|m.22384,-0.193,-0.6456,NA,NA
lcl|c236844_g2_i5|m.22607,0.25,1.017,NA,NA
lcl|c237578_g2_i2|m.23441,-0.305,-1.1358,NA,NA
lcl|c237587_g5_i1|m.23455,0.133,0.7303,NA,NA
lcl|c238164_g1_i1|m.24182,-0.468,-1.3574,NA,NA
lcl|c238173_g3_i3|m.24203,-0.31,-1.7907,NA,NA
lcl|c238365_g3_i1|m.24425,-0.049,-0.1953,NA,NA
lcl|c239543_g6_i2|m.25954,0.429,1.9036,NA,NA
lcl|c239816_g8_i1|m.26351,-0.005,-0.0223,NA,NA
lcl|c240128_g3_i1|m.26827,0.239,1.3931,NA,NA
lcl|c240158_g2_i1|m.26858,0.026,0.1611,NA,NA
lcl|c240251_g4_i1|m.26961,0.313,1.5814,NA,NA
lcl|c240621_g3_i2|m.27488,-0.413,-1.5048,NA,NA
lcl|c240628_g3_i3|m.27511,-0.275,-1.7155,NA,NA
lcl|c240688_g3_i1|m.27609,-0.191,-1.8344,NA,NA
lcl|c240833_g3_i3|m.27779,-0.386,-1.5308,NA,NA
lcl|c240857_g5_i1|m.27819,-0.045,-0.3632,NA,NA
lcl|c241148_g1_i6|m.28240,-0.285,-1.0061,NA,NA
lcl|c241251_g1_i1|m.28362,0.311,1.0546,NA,NA
lcl|c241754_g2_i1|m.28913,-0.014,-0.0671,NA,NA
lcl|c241916_g1_i7|m.29148,-0.013,-0.0576,NA,NA
lcl|c242089_g1_i1|m.29373,-0.34,-1.8961,NA,NA
lcl|c242709_g1_i2|m.30167,0.117,0.4069,NA,NA
lcl|c242793_g1_i1|m.30227,0.009,0.063,NA,NA
lcl|c243503_g5_i1|m.31038,-0.241,-1.5308,NA,NA
lcl|c243791_g1_i1|m.31323,-0.173,-0.7329,NA,NA
lcl|c244126_g1_i2|m.31771,0.333,1.6741,NA,NA
lcl|c244173_g1_i4|m.31852,-0.308,-1.1569,NA,NA
lcl|c244315_g1_i2|m.32024,-0.125,-0.5813,NA,NA
lcl|c244342_g1_i1|m.32068,-0.162,-0.5618,NA,NA
lcl|c244396_g1_i1|m.32137,0.167,0.9666,NA,NA
lcl|c244508_g1_i1|m.32310,0.189,0.9225,NA,NA